Date,Start Time,From,To,Mode,Cost (â‚¹),Travel Time (min),Wait Time (min),Distance (km),Weather
01-07-2025,8:00 AM,Home,College,Metro,31,29,7,16.67,Clear
01-07-2025,6:30 AM,Home,College,Bus,16,40,11,6.42,Rainy
01-07-2025,9:15 AM,Home,College,Uber,153,21,3,18.5,Humid
01-07-2025,10:45 AM,Home,College,Ola,91,21,5,15.31,Cloudy
01-07-2025,8:45 AM,College,Library,Metro,36,31,5,7.65,Sunny
01-07-2025,11:15 AM,College,Library,Bus,26,41,5,19.96,Rainy
01-07-2025,8:45 AM,College,Library,Uber,91,28,3,18.57,Humid
01-07-2025,10:00 AM,College,Library,Ola,140,24,6,13,Clear
01-07-2025,8:00 AM,Home,Gym,Metro,40,20,8,6.59,Sunny
01-07-2025,9:45 AM,Home,Gym,Bus,16,37,6,10.11,Humid
01-07-2025,10:15 AM,Home,Gym,Uber,134,27,4,12.98,Rainy
01-07-2025,9:30 AM,Home,Gym,Ola,119,30,3,17.99,Clear
01-07-2025,11:45 AM,Office,Mall,Metro,38,32,5,7.18,Sunny
01-07-2025,6:15 AM,Office,Mall,Bus,21,35,13,9.86,Humid
01-07-2025,11:45 AM,Office,Mall,Uber,105,29,6,11.26,Rainy
01-07-2025,9:45 AM,Office,Mall,Ola,106,31,6,15.17,Sunny
01-07-2025,6:15 AM,Station,Airport,Metro,36,32,6,15.89,Rainy
01-07-2025,6:30 AM,Station,Airport,Bus,19,32,13,11.36,Sunny
01-07-2025,7:00 AM,Station,Airport,Uber,104,28,5,13.48,Cloudy
01-07-2025,11:45 AM,Station,Airport,Ola,104,22,3,18.96,Humid
02-07-2025,11:30 AM,Home,College,Metro,37,23,5,17.83,Cloudy
02-07-2025,6:15 AM,Home,College,Bus,25,40,10,14.48,Rainy
02-07-2025,7:00 AM,Home,College,Uber,115,20,4,16.36,Cloudy
02-07-2025,9:15 AM,Home,College,Ola,142,30,6,19.63,Cloudy
02-07-2025,6:30 AM,College,Library,Metro,38,29,8,7.71,Rainy
02-07-2025,9:15 AM,College,Library,Bus,16,42,11,15.56,Rainy
02-07-2025,11:30 AM,College,Library,Uber,98,29,3,15.38,Sunny
02-07-2025,6:00 AM,College,Library,Ola,103,31,4,15.2,Cloudy
02-07-2025,7:30 AM,Home,Gym,Metro,40,24,3,14.59,Humid
02-07-2025,10:15 AM,Home,Gym,Bus,21,29,9,5.84,Clear
02-07-2025,10:45 AM,Home,Gym,Uber,159,25,5,13.58,Cloudy
02-07-2025,6:45 AM,Home,Gym,Ola,92,20,7,9.72,Cloudy
02-07-2025,11:30 AM,Office,Mall,Metro,26,20,8,8.66,Humid
02-07-2025,9:30 AM,Office,Mall,Bus,23,36,5,6.6,Sunny
02-07-2025,8:45 AM,Office,Mall,Uber,122,28,6,6.72,Cloudy
02-07-2025,8:00 AM,Office,Mall,Ola,110,23,7,6.61,Humid
02-07-2025,11:30 AM,Station,Airport,Metro,25,21,6,9.85,Sunny
02-07-2025,9:30 AM,Station,Airport,Bus,24,37,12,16.59,Cloudy
02-07-2025,8:30 AM,Station,Airport,Uber,90,25,2,7.45,Clear
02-07-2025,7:30 AM,Station,Airport,Ola,139,23,3,8.48,Clear
03-07-2025,7:45 AM,Home,College,Metro,20,24,6,14.09,Cloudy
03-07-2025,10:00 AM,Home,College,Bus,10,40,11,12.03,Clear
03-07-2025,8:30 AM,Home,College,Uber,99,27,4,11.37,Cloudy
03-07-2025,8:00 AM,Home,College,Ola,132,28,5,8.98,Cloudy
03-07-2025,9:00 AM,College,Library,Metro,22,22,3,15.47,Cloudy
03-07-2025,11:15 AM,College,Library,Bus,19,36,7,10.99,Humid
03-07-2025,11:45 AM,College,Library,Uber,137,25,6,8.79,Rainy
03-07-2025,6:00 AM,College,Library,Ola,141,29,6,11.34,Humid
03-07-2025,10:15 AM,Home,Gym,Metro,34,32,6,17.97,Clear
03-07-2025,10:15 AM,Home,Gym,Bus,19,39,13,13.84,Clear
03-07-2025,9:30 AM,Home,Gym,Uber,147,19,5,11.73,Rainy
03-07-2025,11:45 AM,Home,Gym,Ola,119,28,6,5.24,Cloudy
03-07-2025,6:15 AM,Office,Mall,Metro,31,27,6,17.85,Cloudy
03-07-2025,11:15 AM,Office,Mall,Bus,10,29,14,16.95,Humid
03-07-2025,9:15 AM,Office,Mall,Uber,114,25,6,15.87,Rainy
03-07-2025,6:30 AM,Office,Mall,Ola,148,31,5,5.17,Humid
03-07-2025,7:45 AM,Station,Airport,Metro,21,25,4,9.01,Sunny
03-07-2025,6:00 AM,Station,Airport,Bus,24,40,12,17.43,Rainy
03-07-2025,7:45 AM,Station,Airport,Uber,135,23,2,6.12,Rainy
03-07-2025,11:00 AM,Station,Airport,Ola,140,22,6,6.23,Humid
04-07-2025,11:45 AM,Home,College,Metro,35,35,3,11.42,Sunny
04-07-2025,11:45 AM,Home,College,Bus,23,25,7,11.57,Cloudy
04-07-2025,9:45 AM,Home,College,Uber,133,18,2,15.16,Rainy
04-07-2025,11:45 AM,Home,College,Ola,126,29,5,11.17,Cloudy
04-07-2025,9:45 AM,College,Library,Metro,36,21,4,6.6,Humid
04-07-2025,11:15 AM,College,Library,Bus,15,45,14,8.29,Clear
04-07-2025,8:30 AM,College,Library,Uber,128,28,2,18.09,Humid
04-07-2025,7:30 AM,College,Library,Ola,142,30,4,5.67,Cloudy
04-07-2025,11:45 AM,Home,Gym,Metro,27,25,3,6.17,Cloudy
04-07-2025,6:00 AM,Home,Gym,Bus,21,34,8,11.48,Humid
04-07-2025,10:45 AM,Home,Gym,Uber,140,21,4,8.91,Sunny
04-07-2025,7:15 AM,Home,Gym,Ola,120,23,6,11.23,Sunny
04-07-2025,6:30 AM,Office,Mall,Metro,26,26,5,19.85,Clear
04-07-2025,6:45 AM,Office,Mall,Bus,13,31,7,6.51,Rainy
04-07-2025,11:45 AM,Office,Mall,Uber,148,22,3,11.99,Rainy
04-07-2025,6:30 AM,Office,Mall,Ola,128,21,4,15.1,Rainy
04-07-2025,6:30 AM,Station,Airport,Metro,36,32,7,14.23,Rainy
04-07-2025,10:45 AM,Station,Airport,Bus,28,25,7,16.45,Rainy
04-07-2025,8:00 AM,Station,Airport,Uber,141,23,2,5.54,Rainy
04-07-2025,11:45 AM,Station,Airport,Ola,117,24,7,8.55,Rainy
05-07-2025,8:45 AM,Home,College,Metro,26,22,6,8.75,Rainy
05-07-2025,9:00 AM,Home,College,Bus,20,37,11,16.56,Humid
05-07-2025,8:30 AM,Home,College,Uber,93,21,6,15.19,Cloudy
05-07-2025,9:45 AM,Home,College,Ola,143,31,4,10.03,Humid
05-07-2025,7:30 AM,College,Library,Metro,34,28,4,11.76,Rainy
05-07-2025,9:00 AM,College,Library,Bus,21,41,5,8.04,Rainy
05-07-2025,8:00 AM,College,Library,Uber,144,26,4,13.77,Sunny
05-07-2025,10:45 AM,College,Library,Ola,123,25,7,19.29,Cloudy
05-07-2025,9:15 AM,Home,Gym,Metro,21,21,7,16.53,Cloudy
05-07-2025,7:00 AM,Home,Gym,Bus,12,42,9,13.1,Rainy
05-07-2025,8:15 AM,Home,Gym,Uber,155,29,3,9.07,Clear
05-07-2025,11:45 AM,Home,Gym,Ola,92,27,7,18.52,Rainy
05-07-2025,7:45 AM,Office,Mall,Metro,32,21,4,14.49,Rainy
05-07-2025,8:30 AM,Office,Mall,Bus,30,28,15,18.01,Sunny
05-07-2025,11:45 AM,Office,Mall,Uber,154,25,3,11.64,Rainy
05-07-2025,6:15 AM,Office,Mall,Ola,149,23,6,9.21,Clear
05-07-2025,7:45 AM,Station,Airport,Metro,33,23,8,11.75,Humid
05-07-2025,7:15 AM,Station,Airport,Bus,11,27,13,12.87,Clear
05-07-2025,6:15 AM,Station,Airport,Uber,103,26,2,6.7,Humid
05-07-2025,7:30 AM,Station,Airport,Ola,82,22,3,6.02,Sunny
06-07-2025,8:00 AM,Home,College,Metro,39,35,5,10.09,Rainy
06-07-2025,7:30 AM,Home,College,Bus,16,43,12,19.51,Humid
06-07-2025,11:45 AM,Home,College,Uber,119,24,4,13.16,Humid
06-07-2025,10:45 AM,Home,College,Ola,119,21,3,16.57,Clear
06-07-2025,9:45 AM,College,Library,Metro,36,22,4,15.53,Rainy
06-07-2025,8:30 AM,College,Library,Bus,27,44,9,11.52,Sunny
06-07-2025,11:15 AM,College,Library,Uber,109,25,3,11.85,Sunny
06-07-2025,7:15 AM,College,Library,Ola,91,21,4,14.12,Cloudy
06-07-2025,7:15 AM,Home,Gym,Metro,31,20,5,13.87,Rainy
06-07-2025,6:00 AM,Home,Gym,Bus,19,41,6,19.12,Rainy
06-07-2025,10:30 AM,Home,Gym,Uber,139,20,6,19.7,Cloudy
06-07-2025,7:30 AM,Home,Gym,Ola,129,28,7,5.95,Humid
06-07-2025,8:45 AM,Office,Mall,Metro,32,21,6,7.21,Sunny
06-07-2025,9:45 AM,Office,Mall,Bus,25,43,8,18.18,Cloudy
06-07-2025,10:30 AM,Office,Mall,Uber,123,30,6,19.02,Rainy
06-07-2025,11:15 AM,Office,Mall,Ola,138,21,4,11.45,Sunny
06-07-2025,8:45 AM,Station,Airport,Metro,20,26,5,18.72,Clear
06-07-2025,8:15 AM,Station,Airport,Bus,25,42,9,18.96,Humid
06-07-2025,11:30 AM,Station,Airport,Uber,149,24,5,12.52,Sunny
06-07-2025,7:15 AM,Station,Airport,Ola,88,24,3,12.95,Rainy
07-07-2025,10:45 AM,Home,College,Metro,37,25,6,6.95,Rainy
07-07-2025,9:45 AM,Home,College,Bus,25,37,11,11.03,Humid
07-07-2025,11:00 AM,Home,College,Uber,159,21,4,10.63,Clear
07-07-2025,8:30 AM,Home,College,Ola,122,21,5,19.7,Clear
07-07-2025,10:30 AM,College,Library,Metro,34,27,3,7.69,Cloudy
07-07-2025,8:15 AM,College,Library,Bus,30,38,5,5.77,Humid
07-07-2025,9:00 AM,College,Library,Uber,142,27,4,16.48,Rainy
07-07-2025,10:15 AM,College,Library,Ola,150,23,5,15.87,Clear
07-07-2025,7:30 AM,Home,Gym,Metro,22,32,6,10.91,Humid
07-07-2025,10:15 AM,Home,Gym,Bus,24,38,5,17.5,Cloudy
07-07-2025,8:15 AM,Home,Gym,Uber,120,21,5,13.88,Humid
07-07-2025,8:30 AM,Home,Gym,Ola,137,30,4,12.6,Cloudy
07-07-2025,7:30 AM,Office,Mall,Metro,23,34,6,18.86,Humid
07-07-2025,10:45 AM,Office,Mall,Bus,12,40,13,15.05,Sunny
07-07-2025,7:45 AM,Office,Mall,Uber,90,26,5,15.71,Clear
07-07-2025,7:15 AM,Office,Mall,Ola,107,28,4,13.22,Sunny
07-07-2025,9:00 AM,Station,Airport,Metro,22,23,4,14.49,Humid
07-07-2025,11:30 AM,Station,Airport,Bus,11,38,6,19.78,Rainy
07-07-2025,6:45 AM,Station,Airport,Uber,149,30,2,13.9,Humid
07-07-2025,10:30 AM,Station,Airport,Ola,145,23,7,6.8,Humid
08-07-2025,11:30 AM,Home,College,Metro,30,26,4,12.04,Sunny
08-07-2025,8:45 AM,Home,College,Bus,14,43,10,13.27,Cloudy
08-07-2025,10:45 AM,Home,College,Uber,142,27,6,12.16,Clear
08-07-2025,8:45 AM,Home,College,Ola,84,28,7,7.24,Clear
08-07-2025,6:00 AM,College,Library,Metro,34,27,5,18.54,Cloudy
08-07-2025,10:30 AM,College,Library,Bus,28,25,12,13.53,Humid
08-07-2025,11:15 AM,College,Library,Uber,142,26,5,9.6,Humid
08-07-2025,10:15 AM,College,Library,Ola,139,23,4,14.64,Cloudy
08-07-2025,11:30 AM,Home,Gym,Metro,33,27,3,15.31,Humid
08-07-2025,11:45 AM,Home,Gym,Bus,13,44,11,17.67,Sunny
08-07-2025,11:00 AM,Home,Gym,Uber,125,21,5,17.89,Rainy
08-07-2025,6:30 AM,Home,Gym,Ola,110,27,3,16.91,Sunny
08-07-2025,9:15 AM,Office,Mall,Metro,35,20,7,7.85,Sunny
08-07-2025,8:00 AM,Office,Mall,Bus,10,42,13,16.93,Rainy
08-07-2025,6:00 AM,Office,Mall,Uber,119,22,5,8.98,Sunny
08-07-2025,11:15 AM,Office,Mall,Ola,123,30,3,19.55,Cloudy
08-07-2025,7:00 AM,Station,Airport,Metro,28,23,5,19.76,Humid
08-07-2025,6:00 AM,Station,Airport,Bus,20,30,7,5.55,Humid
08-07-2025,11:00 AM,Station,Airport,Uber,100,26,2,16.28,Sunny
08-07-2025,8:00 AM,Station,Airport,Ola,123,32,3,11.41,Humid
09-07-2025,8:15 AM,Home,College,Metro,34,21,8,19.08,Cloudy
09-07-2025,9:30 AM,Home,College,Bus,17,36,14,10.81,Rainy
09-07-2025,6:00 AM,Home,College,Uber,148,20,3,6.8,Sunny
09-07-2025,9:00 AM,Home,College,Ola,134,27,6,16.51,Humid
09-07-2025,8:30 AM,College,Library,Metro,34,21,3,14.24,Rainy
09-07-2025,10:45 AM,College,Library,Bus,27,26,11,17.42,Rainy
09-07-2025,6:15 AM,College,Library,Uber,156,23,4,11.94,Clear
09-07-2025,10:30 AM,College,Library,Ola,146,32,5,18.35,Sunny
09-07-2025,6:30 AM,Home,Gym,Metro,20,26,8,10.12,Rainy
09-07-2025,8:30 AM,Home,Gym,Bus,16,38,7,18.58,Rainy
09-07-2025,6:45 AM,Home,Gym,Uber,102,24,4,13.4,Sunny
09-07-2025,9:00 AM,Home,Gym,Ola,84,31,5,15.5,Clear
09-07-2025,11:45 AM,Office,Mall,Metro,24,29,3,6.97,Cloudy
09-07-2025,9:15 AM,Office,Mall,Bus,26,34,5,15.81,Cloudy
09-07-2025,6:00 AM,Office,Mall,Uber,104,29,4,13.24,Sunny
09-07-2025,7:45 AM,Office,Mall,Ola,85,29,4,6.26,Humid
09-07-2025,7:00 AM,Station,Airport,Metro,33,24,8,13.82,Clear
09-07-2025,11:00 AM,Station,Airport,Bus,10,40,7,14.88,Rainy
09-07-2025,7:45 AM,Station,Airport,Uber,140,18,5,18.7,Sunny
09-07-2025,10:45 AM,Station,Airport,Ola,133,26,4,6.91,Rainy
10-07-2025,9:45 AM,Home,College,Metro,31,20,6,11.95,Cloudy
10-07-2025,7:30 AM,Home,College,Bus,24,35,13,5.25,Cloudy
10-07-2025,10:30 AM,Home,College,Uber,101,19,4,18.32,Cloudy
10-07-2025,7:15 AM,Home,College,Ola,86,26,4,12.28,Cloudy
10-07-2025,9:00 AM,College,Library,Metro,22,23,4,19.74,Sunny
10-07-2025,9:45 AM,College,Library,Bus,25,33,10,15.23,Rainy
10-07-2025,6:00 AM,College,Library,Uber,104,30,6,14.3,Humid
10-07-2025,8:45 AM,College,Library,Ola,148,28,4,6.53,Humid
10-07-2025,7:45 AM,Home,Gym,Metro,28,20,8,14.67,Cloudy
10-07-2025,11:15 AM,Home,Gym,Bus,20,25,13,9.31,Humid
10-07-2025,7:30 AM,Home,Gym,Uber,126,27,4,16.79,Cloudy
10-07-2025,8:30 AM,Home,Gym,Ola,123,27,4,18.67,Clear
10-07-2025,7:30 AM,Office,Mall,Metro,36,31,5,19.78,Sunny
10-07-2025,6:15 AM,Office,Mall,Bus,28,40,15,7.41,Rainy
10-07-2025,11:45 AM,Office,Mall,Uber,132,24,3,7.8,Clear
10-07-2025,10:00 AM,Office,Mall,Ola,118,20,3,13.41,Humid
10-07-2025,11:00 AM,Station,Airport,Metro,37,34,7,18.46,Cloudy
10-07-2025,6:45 AM,Station,Airport,Bus,21,31,7,15.53,Humid
10-07-2025,9:45 AM,Station,Airport,Uber,97,24,4,18.95,Sunny
10-07-2025,7:00 AM,Station,Airport,Ola,123,31,3,7.52,Cloudy
11-07-2025,11:00 AM,Home,College,Metro,28,27,4,18.86,Clear
11-07-2025,6:45 AM,Home,College,Bus,18,32,12,12.56,Clear
11-07-2025,9:00 AM,Home,College,Uber,103,19,6,15.05,Humid
11-07-2025,7:00 AM,Home,College,Ola,86,23,7,9.44,Cloudy
11-07-2025,11:45 AM,College,Library,Metro,40,21,8,8.6,Rainy
11-07-2025,8:15 AM,College,Library,Bus,16,28,13,15.45,Clear
11-07-2025,10:15 AM,College,Library,Uber,129,26,6,19.25,Clear
11-07-2025,9:00 AM,College,Library,Ola,124,24,6,9.7,Humid
11-07-2025,11:15 AM,Home,Gym,Metro,31,31,4,11.34,Sunny
11-07-2025,11:15 AM,Home,Gym,Bus,21,29,9,11.19,Clear
11-07-2025,10:00 AM,Home,Gym,Uber,110,30,6,9,Cloudy
11-07-2025,7:45 AM,Home,Gym,Ola,107,20,5,6.47,Humid
11-07-2025,7:15 AM,Office,Mall,Metro,23,35,4,17.56,Humid
11-07-2025,7:45 AM,Office,Mall,Bus,20,35,8,19.51,Humid
11-07-2025,8:00 AM,Office,Mall,Uber,149,18,6,11.81,Humid
11-07-2025,7:00 AM,Office,Mall,Ola,110,24,6,19.17,Cloudy
11-07-2025,6:15 AM,Station,Airport,Metro,29,30,8,17.98,Cloudy
11-07-2025,10:15 AM,Station,Airport,Bus,23,28,12,9.94,Clear
11-07-2025,9:00 AM,Station,Airport,Uber,132,23,4,17.85,Clear
11-07-2025,6:45 AM,Station,Airport,Ola,117,32,7,15.38,Clear
12-07-2025,10:15 AM,Home,College,Metro,33,27,6,9.59,Cloudy
12-07-2025,10:15 AM,Home,College,Bus,23,27,10,18.26,Humid
12-07-2025,7:30 AM,Home,College,Uber,139,26,5,14.31,Sunny
12-07-2025,9:00 AM,Home,College,Ola,125,22,4,14.03,Clear
12-07-2025,9:00 AM,College,Library,Metro,38,31,6,8.43,Sunny
12-07-2025,8:30 AM,College,Library,Bus,22,36,7,18.19,Humid
12-07-2025,7:30 AM,College,Library,Uber,124,21,4,13.27,Cloudy
12-07-2025,9:15 AM,College,Library,Ola,95,25,7,13.13,Rainy
12-07-2025,7:30 AM,Home,Gym,Metro,37,31,3,6.41,Rainy
12-07-2025,11:30 AM,Home,Gym,Bus,25,35,8,9.52,Sunny
12-07-2025,10:15 AM,Home,Gym,Uber,106,27,6,18.02,Clear
12-07-2025,11:30 AM,Home,Gym,Ola,107,21,7,11.31,Clear
12-07-2025,9:30 AM,Office,Mall,Metro,26,29,8,12.08,Rainy
12-07-2025,7:15 AM,Office,Mall,Bus,20,31,10,8.43,Clear
12-07-2025,7:45 AM,Office,Mall,Uber,141,29,5,17.41,Sunny
12-07-2025,9:00 AM,Office,Mall,Ola,121,24,4,9.33,Cloudy
12-07-2025,6:30 AM,Station,Airport,Metro,29,33,5,16.27,Clear
12-07-2025,7:15 AM,Station,Airport,Bus,21,44,15,6.55,Rainy
12-07-2025,11:15 AM,Station,Airport,Uber,154,21,2,10.31,Clear
12-07-2025,6:45 AM,Station,Airport,Ola,129,26,5,11.98,Clear
13-07-2025,8:45 AM,Home,College,Metro,20,20,3,11.63,Humid
13-07-2025,11:15 AM,Home,College,Bus,29,42,5,7.92,Sunny
13-07-2025,11:45 AM,Home,College,Uber,90,30,6,16.2,Cloudy
13-07-2025,11:30 AM,Home,College,Ola,81,20,5,14.22,Rainy
13-07-2025,11:30 AM,College,Library,Metro,40,35,3,16.86,Clear
13-07-2025,7:15 AM,College,Library,Bus,15,31,15,12.22,Sunny
13-07-2025,10:15 AM,College,Library,Uber,155,21,6,14.36,Rainy
13-07-2025,6:00 AM,College,Library,Ola,122,32,3,16.88,Clear
13-07-2025,10:00 AM,Home,Gym,Metro,34,31,7,9.02,Rainy
13-07-2025,10:15 AM,Home,Gym,Bus,18,31,9,16.62,Humid
13-07-2025,10:00 AM,Home,Gym,Uber,115,29,6,5.56,Clear
13-07-2025,11:15 AM,Home,Gym,Ola,102,27,4,9.83,Clear
13-07-2025,7:45 AM,Office,Mall,Metro,36,20,4,17.96,Sunny
13-07-2025,7:45 AM,Office,Mall,Bus,19,35,12,11.64,Sunny
13-07-2025,6:15 AM,Office,Mall,Uber,109,29,2,5.5,Cloudy
13-07-2025,9:30 AM,Office,Mall,Ola,123,25,4,9.38,Humid
13-07-2025,10:45 AM,Station,Airport,Metro,24,35,7,13.04,Rainy
13-07-2025,6:45 AM,Station,Airport,Bus,17,38,8,15.27,Clear
13-07-2025,6:30 AM,Station,Airport,Uber,98,29,3,15.65,Humid
13-07-2025,10:45 AM,Station,Airport,Ola,122,20,7,5.36,Rainy
14-07-2025,9:45 AM,Home,College,Metro,35,31,5,16.4,Sunny
14-07-2025,11:30 AM,Home,College,Bus,21,40,5,15.55,Rainy
14-07-2025,7:15 AM,Home,College,Uber,146,26,3,15.14,Humid
14-07-2025,7:45 AM,Home,College,Ola,94,30,6,5.34,Humid
14-07-2025,6:30 AM,College,Library,Metro,21,30,6,15.87,Humid
14-07-2025,7:15 AM,College,Library,Bus,25,37,9,18.88,Clear
14-07-2025,11:15 AM,College,Library,Uber,109,24,3,9.87,Clear
14-07-2025,6:00 AM,College,Library,Ola,126,21,5,14.45,Humid
14-07-2025,9:15 AM,Home,Gym,Metro,25,30,7,11.13,Humid
14-07-2025,9:15 AM,Home,Gym,Bus,26,33,13,15.78,Sunny
14-07-2025,10:00 AM,Home,Gym,Uber,137,22,3,17.57,Sunny
14-07-2025,11:00 AM,Home,Gym,Ola,122,25,6,13.97,Clear
14-07-2025,9:00 AM,Office,Mall,Metro,35,20,5,18.06,Rainy
14-07-2025,8:30 AM,Office,Mall,Bus,29,44,8,5.18,Rainy
14-07-2025,8:00 AM,Office,Mall,Uber,143,26,4,17.75,Sunny
14-07-2025,10:00 AM,Office,Mall,Ola,139,23,3,11.18,Humid
14-07-2025,7:45 AM,Station,Airport,Metro,33,24,7,19.68,Clear
14-07-2025,9:45 AM,Station,Airport,Bus,23,26,10,19.13,Rainy
14-07-2025,7:00 AM,Station,Airport,Uber,97,29,4,13.6,Humid
14-07-2025,11:30 AM,Station,Airport,Ola,145,25,6,14.82,Humid
15-07-2025,8:15 AM,Home,College,Metro,39,34,4,9.67,Clear
15-07-2025,11:15 AM,Home,College,Bus,25,37,15,13.43,Sunny
15-07-2025,11:30 AM,Home,College,Uber,118,21,3,14.99,Rainy
15-07-2025,10:30 AM,Home,College,Ola,102,28,7,12.05,Clear
15-07-2025,6:15 AM,College,Library,Metro,34,28,5,7.4,Cloudy
15-07-2025,9:15 AM,College,Library,Bus,29,34,14,14.09,Sunny
15-07-2025,11:45 AM,College,Library,Uber,102,30,3,13.78,Cloudy
15-07-2025,10:30 AM,College,Library,Ola,122,21,4,14.77,Cloudy
15-07-2025,6:15 AM,Home,Gym,Metro,22,25,3,16.08,Humid
15-07-2025,6:30 AM,Home,Gym,Bus,30,25,7,15.61,Clear
15-07-2025,10:45 AM,Home,Gym,Uber,140,23,4,5.43,Sunny
15-07-2025,8:45 AM,Home,Gym,Ola,119,28,5,19.04,Clear
15-07-2025,10:00 AM,Office,Mall,Metro,40,21,5,14.36,Cloudy
15-07-2025,8:00 AM,Office,Mall,Bus,14,30,11,18.73,Cloudy
15-07-2025,6:00 AM,Office,Mall,Uber,157,21,5,19.09,Sunny
15-07-2025,7:30 AM,Office,Mall,Ola,115,31,6,9.32,Rainy
15-07-2025,7:30 AM,Station,Airport,Metro,40,24,6,12.33,Cloudy
15-07-2025,8:45 AM,Station,Airport,Bus,25,40,8,17.11,Rainy
15-07-2025,9:15 AM,Station,Airport,Uber,95,26,3,9.15,Clear
15-07-2025,6:00 AM,Station,Airport,Ola,140,32,5,9.75,Cloudy
16-07-2025,9:30 AM,Home,College,Metro,23,26,6,18.52,Clear
16-07-2025,8:00 AM,Home,College,Bus,16,26,8,5.43,Sunny
16-07-2025,6:45 AM,Home,College,Uber,98,19,4,11.82,Sunny
16-07-2025,10:30 AM,Home,College,Ola,95,30,3,14.69,Humid
16-07-2025,8:30 AM,College,Library,Metro,37,21,7,19.34,Cloudy
16-07-2025,8:00 AM,College,Library,Bus,22,34,8,13.69,Humid
16-07-2025,11:00 AM,College,Library,Uber,137,29,2,15.17,Cloudy
16-07-2025,6:30 AM,College,Library,Ola,138,32,7,15.46,Humid
16-07-2025,8:15 AM,Home,Gym,Metro,25,23,5,13.49,Humid
16-07-2025,9:45 AM,Home,Gym,Bus,29,39,11,19.09,Cloudy
16-07-2025,9:00 AM,Home,Gym,Uber,155,19,4,7.95,Rainy
16-07-2025,6:30 AM,Home,Gym,Ola,80,26,7,5.79,Clear
16-07-2025,10:30 AM,Office,Mall,Metro,38,22,4,6.68,Rainy
16-07-2025,7:00 AM,Office,Mall,Bus,26,45,9,17.36,Cloudy
16-07-2025,11:45 AM,Office,Mall,Uber,151,22,2,7.12,Cloudy
16-07-2025,6:15 AM,Office,Mall,Ola,148,27,6,15.55,Clear
16-07-2025,8:30 AM,Station,Airport,Metro,31,20,6,10.78,Rainy
16-07-2025,10:00 AM,Station,Airport,Bus,23,40,14,16.69,Humid
16-07-2025,10:30 AM,Station,Airport,Uber,114,24,5,12.98,Cloudy
16-07-2025,6:30 AM,Station,Airport,Ola,131,20,7,12.46,Sunny
17-07-2025,11:30 AM,Home,College,Metro,30,24,7,9.42,Cloudy
17-07-2025,6:45 AM,Home,College,Bus,30,30,9,18.01,Sunny
17-07-2025,11:30 AM,Home,College,Uber,152,20,4,14.73,Cloudy
17-07-2025,9:15 AM,Home,College,Ola,122,22,5,10.6,Sunny
17-07-2025,11:15 AM,College,Library,Metro,33,30,3,12.32,Humid
17-07-2025,6:15 AM,College,Library,Bus,19,31,5,8.18,Clear
17-07-2025,8:15 AM,College,Library,Uber,93,28,4,19.4,Humid
17-07-2025,7:00 AM,College,Library,Ola,119,25,5,9.6,Cloudy
17-07-2025,11:00 AM,Home,Gym,Metro,37,26,7,6.57,Clear
17-07-2025,11:30 AM,Home,Gym,Bus,13,35,6,8.77,Humid
17-07-2025,8:15 AM,Home,Gym,Uber,149,18,3,6.62,Cloudy
17-07-2025,6:30 AM,Home,Gym,Ola,84,32,7,19.74,Cloudy
17-07-2025,9:00 AM,Office,Mall,Metro,34,34,8,12.07,Rainy
17-07-2025,9:45 AM,Office,Mall,Bus,22,29,7,18.52,Sunny
17-07-2025,6:00 AM,Office,Mall,Uber,94,25,3,9.59,Humid
17-07-2025,7:45 AM,Office,Mall,Ola,126,30,5,13.28,Humid
17-07-2025,9:30 AM,Station,Airport,Metro,21,24,7,16.65,Sunny
17-07-2025,9:00 AM,Station,Airport,Bus,18,45,14,18.65,Clear
17-07-2025,10:00 AM,Station,Airport,Uber,144,28,6,9.62,Clear
17-07-2025,11:00 AM,Station,Airport,Ola,81,26,5,15.69,Sunny
18-07-2025,7:00 AM,Home,College,Metro,40,25,3,12.47,Sunny
18-07-2025,7:45 AM,Home,College,Bus,20,32,6,8.09,Humid
18-07-2025,10:15 AM,Home,College,Uber,118,30,5,19.95,Rainy
18-07-2025,10:30 AM,Home,College,Ola,93,30,4,10.04,Clear
18-07-2025,11:45 AM,College,Library,Metro,20,23,7,13.26,Humid
18-07-2025,7:30 AM,College,Library,Bus,12,41,5,11.53,Humid
18-07-2025,7:30 AM,College,Library,Uber,142,23,2,19.45,Humid
18-07-2025,11:45 AM,College,Library,Ola,127,21,4,16.73,Humid
18-07-2025,7:45 AM,Home,Gym,Metro,38,33,7,16.52,Rainy
18-07-2025,6:30 AM,Home,Gym,Bus,14,42,8,18.84,Humid
18-07-2025,7:15 AM,Home,Gym,Uber,136,18,3,9.71,Rainy
18-07-2025,7:45 AM,Home,Gym,Ola,131,26,6,14.03,Rainy
18-07-2025,8:30 AM,Office,Mall,Metro,29,23,6,12.17,Sunny
18-07-2025,11:45 AM,Office,Mall,Bus,12,34,13,18.62,Humid
18-07-2025,10:00 AM,Office,Mall,Uber,120,19,5,19.23,Humid
18-07-2025,11:00 AM,Office,Mall,Ola,148,31,7,5.71,Cloudy
18-07-2025,11:00 AM,Station,Airport,Metro,30,23,5,18.24,Cloudy
18-07-2025,11:45 AM,Station,Airport,Bus,25,28,11,16.78,Cloudy
18-07-2025,10:30 AM,Station,Airport,Uber,114,23,6,10.12,Humid
18-07-2025,10:15 AM,Station,Airport,Ola,99,32,5,5.29,Sunny
19-07-2025,9:15 AM,Home,College,Metro,27,23,6,8.09,Humid
19-07-2025,9:45 AM,Home,College,Bus,28,25,11,15.46,Clear
19-07-2025,8:15 AM,Home,College,Uber,116,27,5,15.46,Sunny
19-07-2025,11:45 AM,Home,College,Ola,112,29,5,10.04,Humid
19-07-2025,9:15 AM,College,Library,Metro,28,29,8,19.94,Rainy
19-07-2025,11:15 AM,College,Library,Bus,25,41,12,19.18,Sunny
19-07-2025,10:30 AM,College,Library,Uber,98,20,5,10.26,Sunny
19-07-2025,8:45 AM,College,Library,Ola,80,20,6,8.4,Sunny
19-07-2025,9:30 AM,Home,Gym,Metro,25,33,8,15.37,Cloudy
19-07-2025,8:30 AM,Home,Gym,Bus,25,41,9,10.13,Clear
19-07-2025,7:15 AM,Home,Gym,Uber,144,24,5,7.14,Sunny
19-07-2025,7:30 AM,Home,Gym,Ola,117,32,7,13.11,Clear
19-07-2025,7:15 AM,Office,Mall,Metro,29,22,6,14.38,Rainy
19-07-2025,8:15 AM,Office,Mall,Bus,19,27,10,12.84,Humid
19-07-2025,9:45 AM,Office,Mall,Uber,147,28,3,10.97,Sunny
19-07-2025,10:30 AM,Office,Mall,Ola,90,30,4,15.18,Cloudy
19-07-2025,6:45 AM,Station,Airport,Metro,25,24,4,7.41,Humid
19-07-2025,10:45 AM,Station,Airport,Bus,19,32,11,12.05,Humid
19-07-2025,9:30 AM,Station,Airport,Uber,120,18,3,10.96,Clear
19-07-2025,7:30 AM,Station,Airport,Ola,82,29,7,5.78,Clear
20-07-2025,10:15 AM,Home,College,Metro,34,30,6,11.01,Humid
20-07-2025,10:45 AM,Home,College,Bus,19,30,12,18.02,Clear
20-07-2025,7:30 AM,Home,College,Uber,146,25,6,17.03,Humid
20-07-2025,6:30 AM,Home,College,Ola,143,26,5,12.26,Clear
20-07-2025,11:15 AM,College,Library,Metro,32,30,6,16.32,Clear
20-07-2025,10:15 AM,College,Library,Bus,16,34,10,11.53,Rainy
20-07-2025,6:15 AM,College,Library,Uber,118,22,3,18.06,Rainy
20-07-2025,11:30 AM,College,Library,Ola,104,26,6,14.65,Rainy
20-07-2025,9:15 AM,Home,Gym,Metro,30,30,3,14.51,Cloudy
20-07-2025,10:00 AM,Home,Gym,Bus,12,26,12,18.25,Clear
20-07-2025,11:15 AM,Home,Gym,Uber,93,26,3,18.14,Clear
20-07-2025,11:15 AM,Home,Gym,Ola,108,27,7,17.28,Cloudy
20-07-2025,7:30 AM,Office,Mall,Metro,40,32,5,11.6,Cloudy
20-07-2025,7:15 AM,Office,Mall,Bus,15,37,10,12.23,Cloudy
20-07-2025,11:00 AM,Office,Mall,Uber,137,28,6,10.87,Cloudy
20-07-2025,10:30 AM,Office,Mall,Ola,144,30,5,13.57,Clear
20-07-2025,6:30 AM,Station,Airport,Metro,34,21,3,9.05,Cloudy
20-07-2025,8:45 AM,Station,Airport,Bus,25,28,13,15.34,Humid
20-07-2025,6:00 AM,Station,Airport,Uber,135,29,4,16,Rainy
20-07-2025,6:45 AM,Station,Airport,Ola,132,25,6,17.73,Clear
21-07-2025,9:15 AM,Home,College,Metro,38,27,5,15.81,Clear
21-07-2025,7:45 AM,Home,College,Bus,18,29,13,7.43,Humid
21-07-2025,6:45 AM,Home,College,Uber,122,26,5,17.62,Clear
21-07-2025,8:00 AM,Home,College,Ola,106,26,7,11.47,Clear
21-07-2025,8:45 AM,College,Library,Metro,36,20,6,9.47,Cloudy
21-07-2025,11:30 AM,College,Library,Bus,15,40,5,10.88,Rainy
21-07-2025,10:15 AM,College,Library,Uber,114,20,6,10.15,Rainy
21-07-2025,8:30 AM,College,Library,Ola,91,21,7,18.3,Cloudy
21-07-2025,6:15 AM,Home,Gym,Metro,21,31,8,8,Clear
21-07-2025,7:45 AM,Home,Gym,Bus,20,37,9,12.93,Rainy
21-07-2025,10:45 AM,Home,Gym,Uber,155,18,6,19.38,Sunny
21-07-2025,10:45 AM,Home,Gym,Ola,125,30,4,9.6,Sunny
21-07-2025,9:30 AM,Office,Mall,Metro,37,35,3,12.05,Cloudy
21-07-2025,9:30 AM,Office,Mall,Bus,19,33,5,19.94,Humid
21-07-2025,6:30 AM,Office,Mall,Uber,123,23,4,5.16,Rainy
21-07-2025,9:45 AM,Office,Mall,Ola,89,26,6,6.11,Humid
21-07-2025,11:30 AM,Station,Airport,Metro,25,21,4,12.97,Rainy
21-07-2025,7:45 AM,Station,Airport,Bus,12,39,11,5.78,Cloudy
21-07-2025,11:15 AM,Station,Airport,Uber,140,29,4,12.97,Rainy
21-07-2025,6:15 AM,Station,Airport,Ola,115,31,7,13.24,Cloudy
22-07-2025,8:30 AM,Home,College,Metro,38,35,6,19.54,Cloudy
22-07-2025,7:15 AM,Home,College,Bus,15,32,9,13.31,Humid
22-07-2025,9:15 AM,Home,College,Uber,113,19,5,12.76,Clear
22-07-2025,6:30 AM,Home,College,Ola,97,21,4,9.89,Humid
22-07-2025,9:00 AM,College,Library,Metro,20,22,8,18.9,Sunny
22-07-2025,8:15 AM,College,Library,Bus,10,26,11,17.18,Rainy
22-07-2025,7:00 AM,College,Library,Uber,139,26,6,8.23,Rainy
22-07-2025,9:00 AM,College,Library,Ola,150,26,6,6.64,Rainy
22-07-2025,9:00 AM,Home,Gym,Metro,38,23,4,19.59,Humid
22-07-2025,8:45 AM,Home,Gym,Bus,25,25,6,13.87,Cloudy
22-07-2025,11:00 AM,Home,Gym,Uber,93,23,3,8.19,Clear
22-07-2025,9:45 AM,Home,Gym,Ola,91,20,6,19.48,Cloudy
22-07-2025,10:45 AM,Office,Mall,Metro,32,30,6,11.44,Rainy
22-07-2025,10:30 AM,Office,Mall,Bus,26,40,15,5.27,Rainy
22-07-2025,9:15 AM,Office,Mall,Uber,91,27,5,19.81,Clear
22-07-2025,11:15 AM,Office,Mall,Ola,103,20,6,15.12,Clear
22-07-2025,8:00 AM,Station,Airport,Metro,22,22,7,6.66,Rainy
22-07-2025,10:00 AM,Station,Airport,Bus,16,34,14,12.52,Clear
22-07-2025,7:00 AM,Station,Airport,Uber,91,19,5,18.57,Humid
22-07-2025,8:00 AM,Station,Airport,Ola,106,20,6,15.26,Humid
23-07-2025,6:45 AM,Home,College,Metro,33,28,5,16.82,Sunny
23-07-2025,10:45 AM,Home,College,Bus,19,29,9,18.5,Humid
23-07-2025,11:00 AM,Home,College,Uber,100,22,4,10.91,Rainy
23-07-2025,9:45 AM,Home,College,Ola,135,30,6,15.36,Sunny
23-07-2025,7:30 AM,College,Library,Metro,37,29,4,17.48,Rainy
23-07-2025,8:45 AM,College,Library,Bus,23,32,12,16.46,Clear
23-07-2025,6:00 AM,College,Library,Uber,95,26,5,9.68,Clear
23-07-2025,6:00 AM,College,Library,Ola,139,32,5,11.51,Rainy
23-07-2025,10:45 AM,Home,Gym,Metro,20,21,3,14.87,Sunny
23-07-2025,6:30 AM,Home,Gym,Bus,13,37,15,15.34,Humid
23-07-2025,9:45 AM,Home,Gym,Uber,114,21,6,12.45,Cloudy
23-07-2025,8:00 AM,Home,Gym,Ola,128,29,5,8.38,Cloudy
23-07-2025,11:15 AM,Office,Mall,Metro,20,27,6,8.55,Rainy
23-07-2025,8:00 AM,Office,Mall,Bus,16,43,9,6.24,Clear
23-07-2025,6:45 AM,Office,Mall,Uber,140,30,3,7.3,Sunny
23-07-2025,7:00 AM,Office,Mall,Ola,106,24,3,10.28,Humid
23-07-2025,11:15 AM,Station,Airport,Metro,30,30,6,6.76,Rainy
23-07-2025,6:15 AM,Station,Airport,Bus,15,39,6,12.74,Humid
23-07-2025,9:30 AM,Station,Airport,Uber,93,26,2,15.61,Sunny
23-07-2025,7:45 AM,Station,Airport,Ola,117,20,7,15.94,Sunny
24-07-2025,9:30 AM,Home,College,Metro,25,32,7,5.05,Humid
24-07-2025,7:15 AM,Home,College,Bus,29,35,9,7.07,Cloudy
24-07-2025,11:00 AM,Home,College,Uber,131,20,6,19.96,Sunny
24-07-2025,10:15 AM,Home,College,Ola,82,24,4,5.48,Rainy
24-07-2025,7:45 AM,College,Library,Metro,29,35,6,9.21,Cloudy
24-07-2025,8:00 AM,College,Library,Bus,28,45,7,18.03,Clear
24-07-2025,6:00 AM,College,Library,Uber,144,19,2,9.34,Sunny
24-07-2025,7:45 AM,College,Library,Ola,88,30,5,8.98,Clear
24-07-2025,8:00 AM,Home,Gym,Metro,32,21,3,10.8,Clear
24-07-2025,7:00 AM,Home,Gym,Bus,10,30,7,15.97,Rainy
24-07-2025,11:45 AM,Home,Gym,Uber,154,28,3,8.17,Rainy
24-07-2025,10:45 AM,Home,Gym,Ola,103,20,3,15.7,Humid
24-07-2025,6:30 AM,Office,Mall,Metro,21,20,5,16.43,Humid
24-07-2025,10:00 AM,Office,Mall,Bus,14,37,12,18.3,Clear
24-07-2025,8:30 AM,Office,Mall,Uber,107,23,2,17.18,Clear
24-07-2025,9:00 AM,Office,Mall,Ola,116,21,6,8.8,Rainy
24-07-2025,6:45 AM,Station,Airport,Metro,37,24,5,12.86,Clear
24-07-2025,8:30 AM,Station,Airport,Bus,23,44,10,14.02,Sunny
24-07-2025,7:00 AM,Station,Airport,Uber,115,22,5,11.26,Sunny
24-07-2025,9:00 AM,Station,Airport,Ola,126,25,4,17.79,Rainy
25-07-2025,9:00 AM,Home,College,Metro,37,26,3,13.97,Clear
25-07-2025,6:30 AM,Home,College,Bus,27,36,6,19.39,Clear
25-07-2025,9:45 AM,Home,College,Uber,133,27,4,11.61,Clear
25-07-2025,8:00 AM,Home,College,Ola,92,24,5,13.94,Rainy
25-07-2025,6:45 AM,College,Library,Metro,26,21,4,17.38,Rainy
25-07-2025,10:15 AM,College,Library,Bus,27,34,11,11.81,Cloudy
25-07-2025,6:00 AM,College,Library,Uber,133,30,6,5.03,Cloudy
25-07-2025,10:15 AM,College,Library,Ola,135,26,3,10.09,Clear
25-07-2025,11:30 AM,Home,Gym,Metro,35,25,4,8.8,Humid
25-07-2025,11:45 AM,Home,Gym,Bus,21,33,12,18.21,Humid
25-07-2025,9:45 AM,Home,Gym,Uber,110,30,2,19.69,Humid
25-07-2025,10:00 AM,Home,Gym,Ola,116,24,7,12.91,Sunny
25-07-2025,8:45 AM,Office,Mall,Metro,32,25,7,13.46,Clear
25-07-2025,10:45 AM,Office,Mall,Bus,15,44,7,15.7,Rainy
25-07-2025,10:30 AM,Office,Mall,Uber,151,25,2,13.02,Sunny
25-07-2025,9:45 AM,Office,Mall,Ola,131,28,4,16.06,Cloudy
25-07-2025,8:45 AM,Station,Airport,Metro,35,24,6,18.42,Sunny
25-07-2025,6:30 AM,Station,Airport,Bus,17,25,9,16.26,Humid
25-07-2025,9:45 AM,Station,Airport,Uber,103,18,4,16.35,Rainy
25-07-2025,8:00 AM,Station,Airport,Ola,85,28,3,6.11,Rainy
26-07-2025,7:00 AM,Home,College,Metro,26,24,6,18.6,Humid
26-07-2025,11:45 AM,Home,College,Bus,11,31,7,18.46,Cloudy
26-07-2025,6:45 AM,Home,College,Uber,110,21,5,12.05,Clear
26-07-2025,7:15 AM,Home,College,Ola,87,28,6,12.77,Cloudy
26-07-2025,9:15 AM,College,Library,Metro,25,31,3,6.21,Clear
26-07-2025,11:45 AM,College,Library,Bus,29,33,6,11.95,Cloudy
26-07-2025,9:15 AM,College,Library,Uber,151,29,4,9.24,Clear
26-07-2025,6:45 AM,College,Library,Ola,80,31,5,12.35,Cloudy
26-07-2025,8:45 AM,Home,Gym,Metro,20,26,4,13.94,Clear
26-07-2025,7:00 AM,Home,Gym,Bus,20,38,14,17.59,Cloudy
26-07-2025,6:45 AM,Home,Gym,Uber,101,30,6,19.44,Rainy
26-07-2025,10:15 AM,Home,Gym,Ola,130,30,7,9.17,Sunny
26-07-2025,9:00 AM,Office,Mall,Metro,29,34,6,19.72,Clear
26-07-2025,7:00 AM,Office,Mall,Bus,24,30,8,13.94,Humid
26-07-2025,9:30 AM,Office,Mall,Uber,126,18,5,11.89,Cloudy
26-07-2025,9:45 AM,Office,Mall,Ola,126,27,7,16.44,Clear
26-07-2025,6:30 AM,Station,Airport,Metro,26,26,5,15.26,Cloudy
26-07-2025,7:15 AM,Station,Airport,Bus,17,35,12,6.34,Clear
26-07-2025,7:30 AM,Station,Airport,Uber,96,21,3,6.95,Sunny
26-07-2025,9:30 AM,Station,Airport,Ola,144,30,6,9.2,Clear
27-07-2025,11:45 AM,Home,College,Metro,27,32,3,10.95,Sunny
27-07-2025,6:45 AM,Home,College,Bus,14,42,14,12.72,Rainy
27-07-2025,6:00 AM,Home,College,Uber,134,24,6,12.18,Cloudy
27-07-2025,6:30 AM,Home,College,Ola,102,21,3,5.54,Sunny
27-07-2025,7:30 AM,College,Library,Metro,25,30,6,17.23,Humid
27-07-2025,8:15 AM,College,Library,Bus,23,36,5,11.1,Cloudy
27-07-2025,9:30 AM,College,Library,Uber,131,25,2,7.96,Rainy
27-07-2025,6:00 AM,College,Library,Ola,87,29,5,14.15,Sunny
27-07-2025,9:15 AM,Home,Gym,Metro,38,33,7,7.57,Humid
27-07-2025,9:45 AM,Home,Gym,Bus,18,35,8,13.73,Cloudy
27-07-2025,6:00 AM,Home,Gym,Uber,142,18,5,17.53,Rainy
27-07-2025,8:45 AM,Home,Gym,Ola,110,27,4,8.48,Clear
27-07-2025,7:15 AM,Office,Mall,Metro,23,29,4,19.64,Cloudy
27-07-2025,10:00 AM,Office,Mall,Bus,26,25,5,12.1,Sunny
27-07-2025,6:00 AM,Office,Mall,Uber,111,21,2,11.63,Cloudy
27-07-2025,8:15 AM,Office,Mall,Ola,115,30,3,19.12,Humid
27-07-2025,6:00 AM,Station,Airport,Metro,30,32,8,18.98,Rainy
27-07-2025,11:30 AM,Station,Airport,Bus,13,25,6,9.42,Sunny
27-07-2025,9:15 AM,Station,Airport,Uber,139,19,3,5.39,Clear
27-07-2025,7:00 AM,Station,Airport,Ola,146,24,3,6.22,Sunny
28-07-2025,10:00 AM,Home,College,Metro,37,25,7,6.7,Rainy
28-07-2025,9:45 AM,Home,College,Bus,16,37,14,9.61,Cloudy
28-07-2025,9:45 AM,Home,College,Uber,103,19,2,9.29,Clear
28-07-2025,7:45 AM,Home,College,Ola,98,27,6,17.48,Cloudy
28-07-2025,9:00 AM,College,Library,Metro,26,30,3,6.51,Rainy
28-07-2025,8:30 AM,College,Library,Bus,28,25,14,9.3,Clear
28-07-2025,10:00 AM,College,Library,Uber,126,25,2,17.19,Clear
28-07-2025,8:45 AM,College,Library,Ola,113,29,3,18.99,Rainy
28-07-2025,10:00 AM,Home,Gym,Metro,25,34,8,16.54,Rainy
28-07-2025,10:30 AM,Home,Gym,Bus,14,35,9,17.22,Clear
28-07-2025,9:45 AM,Home,Gym,Uber,129,30,5,19.12,Sunny
28-07-2025,11:00 AM,Home,Gym,Ola,97,32,7,5.58,Rainy
28-07-2025,6:15 AM,Office,Mall,Metro,25,23,4,6.33,Cloudy
28-07-2025,10:45 AM,Office,Mall,Bus,23,28,12,5.74,Humid
28-07-2025,7:45 AM,Office,Mall,Uber,129,22,5,18.6,Humid
28-07-2025,6:45 AM,Office,Mall,Ola,89,28,5,8.77,Humid
28-07-2025,10:30 AM,Station,Airport,Metro,30,29,4,8.69,Cloudy
28-07-2025,7:15 AM,Station,Airport,Bus,20,25,10,16.06,Cloudy
28-07-2025,9:00 AM,Station,Airport,Uber,159,21,6,11.55,Sunny
28-07-2025,8:45 AM,Station,Airport,Ola,126,27,5,16.8,Humid
29-07-2025,11:30 AM,Home,College,Metro,25,27,8,16.76,Humid
29-07-2025,7:00 AM,Home,College,Bus,28,26,15,13.22,Sunny
29-07-2025,8:15 AM,Home,College,Uber,117,20,5,19.91,Sunny
29-07-2025,6:30 AM,Home,College,Ola,138,22,3,12.63,Humid
29-07-2025,8:30 AM,College,Library,Metro,39,23,8,12.11,Cloudy
29-07-2025,10:30 AM,College,Library,Bus,22,25,8,15.26,Sunny
29-07-2025,7:00 AM,College,Library,Uber,109,28,4,6.7,Cloudy
29-07-2025,10:15 AM,College,Library,Ola,130,29,5,14.45,Humid
29-07-2025,10:00 AM,Home,Gym,Metro,22,33,5,11.12,Clear
29-07-2025,8:00 AM,Home,Gym,Bus,10,25,8,8.84,Cloudy
29-07-2025,9:15 AM,Home,Gym,Uber,104,22,4,19.86,Humid
29-07-2025,9:45 AM,Home,Gym,Ola,146,27,7,18.11,Sunny
29-07-2025,8:00 AM,Office,Mall,Metro,27,23,8,17.4,Sunny
29-07-2025,10:45 AM,Office,Mall,Bus,22,42,11,6.49,Humid
29-07-2025,6:30 AM,Office,Mall,Uber,131,27,2,10.43,Clear
29-07-2025,11:00 AM,Office,Mall,Ola,115,27,3,9.92,Cloudy
29-07-2025,6:15 AM,Station,Airport,Metro,20,27,3,17.49,Rainy
29-07-2025,11:45 AM,Station,Airport,Bus,24,36,11,10.32,Humid
29-07-2025,6:15 AM,Station,Airport,Uber,143,22,6,7.61,Sunny
29-07-2025,9:00 AM,Station,Airport,Ola,129,30,3,7.58,Rainy
30-07-2025,6:00 AM,Home,College,Metro,36,32,3,13.67,Rainy
30-07-2025,9:15 AM,Home,College,Bus,11,29,5,5.16,Cloudy
30-07-2025,7:15 AM,Home,College,Uber,149,21,2,5.4,Cloudy
30-07-2025,9:45 AM,Home,College,Ola,88,30,3,9.35,Sunny
30-07-2025,7:30 AM,College,Library,Metro,34,31,4,5.48,Humid
30-07-2025,10:30 AM,College,Library,Bus,25,33,14,18.51,Clear
30-07-2025,9:15 AM,College,Library,Uber,144,25,3,7.76,Sunny
30-07-2025,11:30 AM,College,Library,Ola,95,27,3,14.34,Humid
30-07-2025,7:15 AM,Home,Gym,Metro,36,20,7,18.92,Sunny
30-07-2025,10:45 AM,Home,Gym,Bus,19,28,6,15.43,Cloudy
30-07-2025,6:15 AM,Home,Gym,Uber,95,19,3,16.32,Rainy
30-07-2025,7:00 AM,Home,Gym,Ola,120,21,4,12.88,Sunny
30-07-2025,7:30 AM,Office,Mall,Metro,27,31,6,18.35,Humid
30-07-2025,6:00 AM,Office,Mall,Bus,20,25,13,15.15,Cloudy
30-07-2025,7:00 AM,Office,Mall,Uber,97,22,6,14.98,Sunny
30-07-2025,10:15 AM,Office,Mall,Ola,120,31,3,13.81,Humid
30-07-2025,9:45 AM,Station,Airport,Metro,34,33,4,14.57,Sunny
30-07-2025,9:00 AM,Station,Airport,Bus,19,25,13,18.76,Rainy
30-07-2025,8:30 AM,Station,Airport,Uber,134,28,6,17.14,Humid
30-07-2025,7:15 AM,Station,Airport,Ola,142,27,4,8.98,Rainy
31-07-2025,8:45 AM,Home,College,Metro,31,22,8,10.2,Humid
31-07-2025,7:45 AM,Home,College,Bus,23,32,13,17.05,Humid
31-07-2025,9:30 AM,Home,College,Uber,128,19,4,14.68,Cloudy
31-07-2025,8:45 AM,Home,College,Ola,81,21,3,17.24,Rainy
31-07-2025,8:00 AM,College,Library,Metro,35,25,7,6.67,Rainy
31-07-2025,8:30 AM,College,Library,Bus,27,33,7,8.71,Sunny
31-07-2025,11:30 AM,College,Library,Uber,133,19,2,11.35,Clear
31-07-2025,10:15 AM,College,Library,Ola,91,24,3,16.46,Cloudy
31-07-2025,6:45 AM,Home,Gym,Metro,29,32,5,10.33,Sunny
31-07-2025,9:30 AM,Home,Gym,Bus,23,44,11,11.78,Clear
31-07-2025,10:15 AM,Home,Gym,Uber,127,18,3,12.87,Sunny
31-07-2025,8:45 AM,Home,Gym,Ola,127,32,6,8.74,Clear
31-07-2025,7:00 AM,Office,Mall,Metro,38,33,3,14.74,Rainy
31-07-2025,9:30 AM,Office,Mall,Bus,17,30,15,18.97,Cloudy
31-07-2025,8:45 AM,Office,Mall,Uber,115,29,4,6.41,Clear
31-07-2025,7:30 AM,Office,Mall,Ola,146,21,3,13.79,Cloudy
31-07-2025,8:45 AM,Station,Airport,Metro,32,21,4,11.42,Sunny
31-07-2025,9:00 AM,Station,Airport,Bus,17,44,7,18.42,Sunny
31-07-2025,7:00 AM,Station,Airport,Uber,119,28,2,15.15,Sunny
31-07-2025,7:15 AM,Station,Airport,Ola,142,22,6,7.36,Clear
01-08-2025,11:45 AM,Home,College,Metro,32,33,6,15.19,Humid
01-08-2025,9:00 AM,Home,College,Bus,16,27,7,8.12,Sunny
01-08-2025,7:45 AM,Home,College,Uber,156,21,4,10.97,Clear
01-08-2025,6:15 AM,Home,College,Ola,111,29,3,13.4,Humid
01-08-2025,11:15 AM,College,Library,Metro,20,32,8,14.27,Rainy
01-08-2025,7:15 AM,College,Library,Bus,23,40,14,18.73,Clear
01-08-2025,9:00 AM,College,Library,Uber,145,18,2,13.6,Sunny
01-08-2025,8:15 AM,College,Library,Ola,136,24,4,7.11,Cloudy
01-08-2025,11:00 AM,Home,Gym,Metro,20,29,3,18.63,Rainy
01-08-2025,11:30 AM,Home,Gym,Bus,17,25,13,10.07,Humid
01-08-2025,7:15 AM,Home,Gym,Uber,104,23,4,7.56,Clear
01-08-2025,7:00 AM,Home,Gym,Ola,81,23,4,17.44,Rainy
01-08-2025,8:30 AM,Office,Mall,Metro,30,32,4,9.77,Cloudy
01-08-2025,10:15 AM,Office,Mall,Bus,20,39,12,12.57,Rainy
01-08-2025,7:45 AM,Office,Mall,Uber,118,22,6,6.72,Sunny
01-08-2025,7:30 AM,Office,Mall,Ola,105,24,3,5.91,Cloudy
01-08-2025,10:30 AM,Station,Airport,Metro,28,21,8,10.24,Sunny
01-08-2025,10:15 AM,Station,Airport,Bus,30,41,6,16.25,Rainy
01-08-2025,9:30 AM,Station,Airport,Uber,121,20,6,17.18,Clear
01-08-2025,7:00 AM,Station,Airport,Ola,90,20,5,12.91,Sunny
02-08-2025,8:45 AM,Home,College,Metro,36,34,8,10.41,Cloudy
02-08-2025,8:30 AM,Home,College,Bus,18,43,10,12.27,Cloudy
02-08-2025,9:30 AM,Home,College,Uber,97,19,3,10.15,Rainy
02-08-2025,7:30 AM,Home,College,Ola,123,21,4,9.32,Clear
02-08-2025,10:30 AM,College,Library,Metro,36,20,7,19.73,Humid
02-08-2025,7:30 AM,College,Library,Bus,11,39,12,15.75,Rainy
02-08-2025,8:30 AM,College,Library,Uber,158,30,3,19.47,Clear
02-08-2025,8:00 AM,College,Library,Ola,112,21,7,14.47,Humid
02-08-2025,7:00 AM,Home,Gym,Metro,25,33,7,12.59,Humid
02-08-2025,11:30 AM,Home,Gym,Bus,19,35,14,14.16,Cloudy
02-08-2025,9:15 AM,Home,Gym,Uber,111,30,6,8.53,Rainy
02-08-2025,7:45 AM,Home,Gym,Ola,148,27,3,5.7,Rainy
02-08-2025,6:15 AM,Office,Mall,Metro,32,22,7,10.89,Cloudy
02-08-2025,6:00 AM,Office,Mall,Bus,29,45,6,11.4,Cloudy
02-08-2025,6:00 AM,Office,Mall,Uber,124,25,4,8.14,Rainy
02-08-2025,11:45 AM,Office,Mall,Ola,105,22,7,6.03,Cloudy
02-08-2025,6:45 AM,Station,Airport,Metro,23,24,8,8.2,Clear
02-08-2025,6:45 AM,Station,Airport,Bus,15,30,13,8.98,Sunny
02-08-2025,7:30 AM,Station,Airport,Uber,97,26,5,10.12,Cloudy
02-08-2025,9:00 AM,Station,Airport,Ola,114,28,7,8.48,Clear
03-08-2025,11:30 AM,Home,College,Metro,23,22,4,6.32,Clear
03-08-2025,6:15 AM,Home,College,Bus,19,33,6,15.94,Clear
03-08-2025,6:30 AM,Home,College,Uber,155,29,5,17.55,Rainy
03-08-2025,7:15 AM,Home,College,Ola,112,20,5,8.19,Sunny
03-08-2025,8:15 AM,College,Library,Metro,34,25,7,18.28,Sunny
03-08-2025,7:00 AM,College,Library,Bus,28,39,6,16.65,Cloudy
03-08-2025,10:00 AM,College,Library,Uber,148,18,4,9.53,Rainy
03-08-2025,10:00 AM,College,Library,Ola,125,26,6,9.48,Clear
03-08-2025,7:15 AM,Home,Gym,Metro,40,32,3,5.19,Cloudy
03-08-2025,11:00 AM,Home,Gym,Bus,17,33,8,18.25,Cloudy
03-08-2025,6:15 AM,Home,Gym,Uber,137,29,5,7.98,Clear
03-08-2025,10:30 AM,Home,Gym,Ola,123,21,6,14.13,Sunny
03-08-2025,7:15 AM,Office,Mall,Metro,32,34,7,16.4,Sunny
03-08-2025,6:15 AM,Office,Mall,Bus,26,36,9,12.97,Cloudy
03-08-2025,9:15 AM,Office,Mall,Uber,136,29,5,6.96,Rainy
03-08-2025,6:30 AM,Office,Mall,Ola,138,25,5,15.88,Clear
03-08-2025,11:00 AM,Station,Airport,Metro,34,33,5,17.73,Humid
03-08-2025,6:30 AM,Station,Airport,Bus,14,27,10,18.73,Clear
03-08-2025,6:45 AM,Station,Airport,Uber,149,19,4,9.27,Humid
03-08-2025,10:45 AM,Station,Airport,Ola,124,25,4,14.27,Sunny
04-08-2025,8:30 AM,Home,College,Metro,40,21,3,19.84,Cloudy
04-08-2025,8:45 AM,Home,College,Bus,27,35,10,14.92,Clear
04-08-2025,10:15 AM,Home,College,Uber,123,20,3,17.45,Humid
04-08-2025,10:30 AM,Home,College,Ola,93,32,5,17.05,Sunny
04-08-2025,6:30 AM,College,Library,Metro,39,28,7,12.98,Rainy
04-08-2025,8:30 AM,College,Library,Bus,15,36,5,7.73,Humid
04-08-2025,10:45 AM,College,Library,Uber,160,23,3,11.45,Humid
04-08-2025,11:45 AM,College,Library,Ola,147,28,3,13.96,Cloudy
04-08-2025,7:30 AM,Home,Gym,Metro,31,28,7,19.47,Cloudy
04-08-2025,8:30 AM,Home,Gym,Bus,22,37,12,11.06,Rainy
04-08-2025,10:15 AM,Home,Gym,Uber,135,29,4,11.33,Cloudy
04-08-2025,7:30 AM,Home,Gym,Ola,121,21,4,12.51,Rainy
04-08-2025,8:00 AM,Office,Mall,Metro,20,25,6,17.92,Sunny
04-08-2025,8:45 AM,Office,Mall,Bus,13,29,10,7.47,Humid
04-08-2025,11:15 AM,Office,Mall,Uber,143,29,3,15.1,Sunny
04-08-2025,10:00 AM,Office,Mall,Ola,149,32,5,10.57,Cloudy
04-08-2025,9:15 AM,Station,Airport,Metro,38,26,3,19.37,Sunny
04-08-2025,6:15 AM,Station,Airport,Bus,18,30,13,19.55,Humid
04-08-2025,7:00 AM,Station,Airport,Uber,93,23,6,19.55,Clear
04-08-2025,11:00 AM,Station,Airport,Ola,113,21,4,8.53,Humid
05-08-2025,6:15 AM,Home,College,Metro,33,21,4,9.68,Clear
05-08-2025,7:30 AM,Home,College,Bus,18,39,5,9.35,Clear
05-08-2025,10:45 AM,Home,College,Uber,143,29,6,19.29,Rainy
05-08-2025,8:30 AM,Home,College,Ola,118,20,7,10.71,Cloudy
05-08-2025,9:00 AM,College,Library,Metro,25,23,5,12.43,Sunny
05-08-2025,10:30 AM,College,Library,Bus,20,38,11,8.22,Clear
05-08-2025,6:45 AM,College,Library,Uber,139,21,2,15.7,Rainy
05-08-2025,6:45 AM,College,Library,Ola,142,22,5,11.34,Clear
05-08-2025,6:15 AM,Home,Gym,Metro,22,28,6,7.99,Sunny
05-08-2025,8:00 AM,Home,Gym,Bus,20,39,15,13.5,Clear
05-08-2025,9:45 AM,Home,Gym,Uber,118,22,3,18.75,Clear
05-08-2025,9:45 AM,Home,Gym,Ola,104,24,6,14.29,Clear
05-08-2025,7:00 AM,Office,Mall,Metro,38,31,6,13.86,Clear
05-08-2025,6:15 AM,Office,Mall,Bus,15,41,6,14.24,Rainy
05-08-2025,6:15 AM,Office,Mall,Uber,108,24,2,18.11,Humid
05-08-2025,6:00 AM,Office,Mall,Ola,117,20,7,10.04,Humid
05-08-2025,11:30 AM,Station,Airport,Metro,33,35,3,14.58,Clear
05-08-2025,7:00 AM,Station,Airport,Bus,29,36,5,18.85,Rainy
05-08-2025,7:30 AM,Station,Airport,Uber,91,23,5,12.73,Rainy
05-08-2025,8:00 AM,Station,Airport,Ola,81,23,7,9.58,Rainy
06-08-2025,7:30 AM,Home,College,Metro,40,22,3,7.71,Cloudy
06-08-2025,9:15 AM,Home,College,Bus,11,29,8,17.88,Rainy
06-08-2025,7:30 AM,Home,College,Uber,134,22,3,14.91,Clear
06-08-2025,8:00 AM,Home,College,Ola,140,20,4,10.21,Humid
06-08-2025,7:30 AM,College,Library,Metro,36,31,5,17.8,Sunny
06-08-2025,9:45 AM,College,Library,Bus,18,37,10,9.52,Humid
06-08-2025,9:45 AM,College,Library,Uber,108,22,2,16.79,Sunny
06-08-2025,7:15 AM,College,Library,Ola,131,20,3,5.55,Rainy
06-08-2025,10:15 AM,Home,Gym,Metro,21,34,8,5.83,Humid
06-08-2025,7:00 AM,Home,Gym,Bus,25,40,14,5.2,Cloudy
06-08-2025,8:00 AM,Home,Gym,Uber,132,24,2,19.62,Sunny
06-08-2025,10:45 AM,Home,Gym,Ola,116,22,4,12.07,Humid
06-08-2025,6:30 AM,Office,Mall,Metro,35,22,8,14.03,Rainy
06-08-2025,6:00 AM,Office,Mall,Bus,11,33,11,13.62,Sunny
06-08-2025,6:15 AM,Office,Mall,Uber,151,21,4,16.91,Humid
06-08-2025,9:45 AM,Office,Mall,Ola,117,23,6,10.58,Clear
06-08-2025,10:15 AM,Station,Airport,Metro,28,26,6,19.62,Rainy
06-08-2025,9:00 AM,Station,Airport,Bus,14,29,12,8.2,Rainy
06-08-2025,7:15 AM,Station,Airport,Uber,139,23,6,12.39,Rainy
06-08-2025,10:30 AM,Station,Airport,Ola,112,29,7,5.88,Humid
07-08-2025,7:45 AM,Home,College,Metro,28,30,6,13.7,Sunny
07-08-2025,11:00 AM,Home,College,Bus,13,28,9,18.3,Cloudy
07-08-2025,10:00 AM,Home,College,Uber,153,30,4,9.09,Humid
07-08-2025,6:30 AM,Home,College,Ola,89,30,6,13.18,Humid
07-08-2025,6:30 AM,College,Library,Metro,28,25,4,9.9,Clear
07-08-2025,11:00 AM,College,Library,Bus,12,25,8,19.03,Rainy
07-08-2025,9:45 AM,College,Library,Uber,105,24,2,17.99,Sunny
07-08-2025,9:45 AM,College,Library,Ola,99,30,4,9.77,Humid
07-08-2025,6:15 AM,Home,Gym,Metro,36,25,4,11.82,Cloudy
07-08-2025,6:00 AM,Home,Gym,Bus,22,44,15,15.47,Humid
07-08-2025,10:45 AM,Home,Gym,Uber,149,29,6,15.36,Clear
07-08-2025,6:30 AM,Home,Gym,Ola,83,20,7,10.85,Cloudy
07-08-2025,11:00 AM,Office,Mall,Metro,33,32,5,6.06,Humid
07-08-2025,6:30 AM,Office,Mall,Bus,20,26,15,18.96,Cloudy
07-08-2025,9:00 AM,Office,Mall,Uber,127,20,5,14.13,Cloudy
07-08-2025,6:45 AM,Office,Mall,Ola,148,22,4,6.02,Rainy
07-08-2025,8:30 AM,Station,Airport,Metro,40,23,3,13.96,Clear
07-08-2025,7:15 AM,Station,Airport,Bus,28,39,7,5.59,Humid
07-08-2025,11:45 AM,Station,Airport,Uber,146,27,5,18.61,Sunny
07-08-2025,8:00 AM,Station,Airport,Ola,121,28,6,19.18,Cloudy
08-08-2025,9:15 AM,Home,College,Metro,21,28,7,17.58,Humid
08-08-2025,9:30 AM,Home,College,Bus,30,29,10,5.01,Humid
08-08-2025,11:00 AM,Home,College,Uber,157,26,5,6.66,Humid
08-08-2025,11:15 AM,Home,College,Ola,110,32,4,19.08,Sunny
08-08-2025,6:30 AM,College,Library,Metro,30,23,3,13.37,Cloudy
08-08-2025,7:30 AM,College,Library,Bus,23,43,12,14.97,Clear
08-08-2025,6:30 AM,College,Library,Uber,126,26,2,6.54,Cloudy
08-08-2025,11:15 AM,College,Library,Ola,103,32,3,5.77,Humid
08-08-2025,7:30 AM,Home,Gym,Metro,31,27,3,15.27,Clear
08-08-2025,7:00 AM,Home,Gym,Bus,21,37,7,11.07,Clear
08-08-2025,6:00 AM,Home,Gym,Uber,133,22,6,10.8,Sunny
08-08-2025,6:30 AM,Home,Gym,Ola,95,26,3,8.35,Clear
08-08-2025,8:00 AM,Office,Mall,Metro,32,21,5,8.79,Cloudy
08-08-2025,11:30 AM,Office,Mall,Bus,13,36,7,11.75,Humid
08-08-2025,11:15 AM,Office,Mall,Uber,101,18,2,9.15,Humid
08-08-2025,11:45 AM,Office,Mall,Ola,130,26,7,8.33,Sunny
08-08-2025,6:15 AM,Station,Airport,Metro,30,34,8,10.32,Clear
08-08-2025,6:45 AM,Station,Airport,Bus,19,43,9,9.1,Rainy
08-08-2025,8:15 AM,Station,Airport,Uber,130,18,5,15.98,Cloudy
08-08-2025,7:45 AM,Station,Airport,Ola,144,22,6,13.02,Rainy
09-08-2025,8:00 AM,Home,College,Metro,39,30,7,11.9,Rainy
09-08-2025,11:00 AM,Home,College,Bus,20,30,14,11.96,Clear
09-08-2025,7:15 AM,Home,College,Uber,103,24,6,6.07,Rainy
09-08-2025,9:45 AM,Home,College,Ola,80,26,7,11.05,Humid
09-08-2025,6:00 AM,College,Library,Metro,22,25,3,16.89,Sunny
09-08-2025,6:15 AM,College,Library,Bus,27,29,9,12.9,Humid
09-08-2025,10:45 AM,College,Library,Uber,104,20,2,16.47,Rainy
09-08-2025,8:15 AM,College,Library,Ola,129,30,3,9.33,Cloudy
09-08-2025,10:00 AM,Home,Gym,Metro,29,30,6,9.45,Rainy
09-08-2025,7:15 AM,Home,Gym,Bus,12,37,10,10.33,Cloudy
09-08-2025,11:00 AM,Home,Gym,Uber,141,22,3,5.49,Rainy
09-08-2025,9:15 AM,Home,Gym,Ola,99,24,5,10.89,Humid
09-08-2025,9:00 AM,Office,Mall,Metro,29,27,5,18.17,Cloudy
09-08-2025,10:00 AM,Office,Mall,Bus,10,38,12,19.95,Clear
09-08-2025,7:45 AM,Office,Mall,Uber,146,19,4,7.84,Sunny
09-08-2025,9:45 AM,Office,Mall,Ola,137,22,4,18.48,Humid
09-08-2025,6:30 AM,Station,Airport,Metro,31,20,5,5.52,Humid
09-08-2025,7:30 AM,Station,Airport,Bus,24,43,5,16.51,Cloudy
09-08-2025,6:15 AM,Station,Airport,Uber,111,25,2,5.26,Rainy
09-08-2025,11:00 AM,Station,Airport,Ola,135,24,4,18.34,Clear
10-08-2025,7:15 AM,Home,College,Metro,37,30,5,13.75,Humid
10-08-2025,9:30 AM,Home,College,Bus,11,40,14,19.21,Rainy
10-08-2025,11:00 AM,Home,College,Uber,149,23,2,6.77,Sunny
10-08-2025,6:30 AM,Home,College,Ola,114,26,5,5.39,Cloudy
10-08-2025,11:30 AM,College,Library,Metro,36,28,7,12.03,Rainy
10-08-2025,6:15 AM,College,Library,Bus,22,30,5,13.93,Cloudy
10-08-2025,9:15 AM,College,Library,Uber,144,26,5,6.22,Sunny
10-08-2025,9:00 AM,College,Library,Ola,118,25,6,8.99,Clear
10-08-2025,8:30 AM,Home,Gym,Metro,20,21,7,6.12,Sunny
10-08-2025,7:00 AM,Home,Gym,Bus,17,28,10,9.23,Rainy
10-08-2025,8:30 AM,Home,Gym,Uber,93,26,6,6.55,Cloudy
10-08-2025,11:45 AM,Home,Gym,Ola,124,25,3,11.18,Clear
10-08-2025,9:30 AM,Office,Mall,Metro,32,30,4,18.84,Clear
10-08-2025,7:00 AM,Office,Mall,Bus,21,32,11,14.02,Sunny
10-08-2025,11:15 AM,Office,Mall,Uber,122,21,5,19.91,Sunny
10-08-2025,7:30 AM,Office,Mall,Ola,84,24,3,9.24,Sunny
10-08-2025,7:45 AM,Station,Airport,Metro,27,26,7,11.82,Sunny
10-08-2025,7:15 AM,Station,Airport,Bus,15,43,14,17.44,Clear
10-08-2025,6:00 AM,Station,Airport,Uber,105,28,5,9.14,Clear
10-08-2025,11:15 AM,Station,Airport,Ola,117,31,5,6.25,Cloudy
11-08-2025,11:45 AM,Home,College,Metro,34,28,8,12.84,Rainy
11-08-2025,10:30 AM,Home,College,Bus,29,29,15,15.57,Clear
11-08-2025,7:30 AM,Home,College,Uber,97,22,5,17.16,Sunny
11-08-2025,11:30 AM,Home,College,Ola,132,24,3,19.93,Cloudy
11-08-2025,10:15 AM,College,Library,Metro,35,32,8,19.7,Sunny
11-08-2025,6:15 AM,College,Library,Bus,21,30,15,18.73,Rainy
11-08-2025,10:30 AM,College,Library,Uber,150,29,3,12.34,Clear
11-08-2025,9:15 AM,College,Library,Ola,81,26,7,10.65,Clear
11-08-2025,6:45 AM,Home,Gym,Metro,32,34,8,11.18,Humid
11-08-2025,7:00 AM,Home,Gym,Bus,16,25,13,11.87,Cloudy
11-08-2025,10:30 AM,Home,Gym,Uber,137,29,2,17.06,Sunny
11-08-2025,8:00 AM,Home,Gym,Ola,118,28,7,6.2,Sunny
11-08-2025,11:15 AM,Office,Mall,Metro,34,23,5,9.09,Cloudy
11-08-2025,9:30 AM,Office,Mall,Bus,18,27,15,14.08,Rainy
11-08-2025,8:30 AM,Office,Mall,Uber,108,25,2,19.77,Humid
11-08-2025,11:30 AM,Office,Mall,Ola,98,29,4,5.4,Humid
11-08-2025,8:00 AM,Station,Airport,Metro,28,33,4,17.6,Rainy
11-08-2025,6:30 AM,Station,Airport,Bus,12,37,9,18.56,Humid
11-08-2025,7:30 AM,Station,Airport,Uber,105,18,4,5.48,Rainy
11-08-2025,10:00 AM,Station,Airport,Ola,121,28,5,17.11,Sunny
12-08-2025,11:30 AM,Home,College,Metro,39,35,4,16.78,Cloudy
12-08-2025,10:15 AM,Home,College,Bus,22,29,10,13.98,Clear
12-08-2025,9:00 AM,Home,College,Uber,115,23,5,16.7,Cloudy
12-08-2025,10:00 AM,Home,College,Ola,90,28,7,10.32,Humid
12-08-2025,8:30 AM,College,Library,Metro,28,35,6,8.4,Cloudy
12-08-2025,11:15 AM,College,Library,Bus,26,44,13,13.51,Cloudy
12-08-2025,9:00 AM,College,Library,Uber,141,22,3,5.25,Sunny
12-08-2025,9:15 AM,College,Library,Ola,93,32,6,17.61,Clear
12-08-2025,11:15 AM,Home,Gym,Metro,36,29,3,19.6,Clear
12-08-2025,8:30 AM,Home,Gym,Bus,22,31,11,8.9,Clear
12-08-2025,6:15 AM,Home,Gym,Uber,128,21,2,16.05,Humid
12-08-2025,8:45 AM,Home,Gym,Ola,127,32,6,18.38,Rainy
12-08-2025,9:30 AM,Office,Mall,Metro,31,35,3,10.72,Sunny
12-08-2025,9:00 AM,Office,Mall,Bus,23,31,15,8.55,Clear
12-08-2025,10:15 AM,Office,Mall,Uber,142,30,6,8.1,Sunny
12-08-2025,9:00 AM,Office,Mall,Ola,94,27,5,10.37,Sunny
12-08-2025,7:30 AM,Station,Airport,Metro,31,26,3,13.6,Cloudy
12-08-2025,6:00 AM,Station,Airport,Bus,13,26,13,9.83,Humid
12-08-2025,8:00 AM,Station,Airport,Uber,124,23,6,19.37,Clear
12-08-2025,10:30 AM,Station,Airport,Ola,91,24,7,15.78,Cloudy
13-08-2025,11:45 AM,Home,College,Metro,25,21,8,9.4,Humid
13-08-2025,10:30 AM,Home,College,Bus,16,30,13,19.3,Sunny
13-08-2025,9:15 AM,Home,College,Uber,130,22,6,14.44,Humid
13-08-2025,6:45 AM,Home,College,Ola,144,22,5,17.21,Cloudy
13-08-2025,7:15 AM,College,Library,Metro,40,34,4,7.7,Clear
13-08-2025,9:00 AM,College,Library,Bus,19,45,7,16.53,Cloudy
13-08-2025,10:00 AM,College,Library,Uber,96,27,2,8.84,Sunny
13-08-2025,9:00 AM,College,Library,Ola,137,26,4,14.91,Rainy
13-08-2025,8:30 AM,Home,Gym,Metro,34,28,3,7.75,Rainy
13-08-2025,8:00 AM,Home,Gym,Bus,18,45,8,11.21,Cloudy
13-08-2025,8:30 AM,Home,Gym,Uber,130,25,6,5.01,Cloudy
13-08-2025,7:15 AM,Home,Gym,Ola,136,30,4,11.87,Clear
13-08-2025,6:30 AM,Office,Mall,Metro,40,22,8,10.78,Cloudy
13-08-2025,6:30 AM,Office,Mall,Bus,21,38,8,8.74,Clear
13-08-2025,10:15 AM,Office,Mall,Uber,94,28,4,6.18,Cloudy
13-08-2025,8:15 AM,Office,Mall,Ola,120,26,4,14.68,Humid
13-08-2025,7:30 AM,Station,Airport,Metro,30,32,3,8.13,Sunny
13-08-2025,7:00 AM,Station,Airport,Bus,24,32,12,8.19,Cloudy
13-08-2025,7:30 AM,Station,Airport,Uber,157,24,4,15.71,Rainy
13-08-2025,9:45 AM,Station,Airport,Ola,103,32,6,8.23,Clear
14-08-2025,8:45 AM,Home,College,Metro,27,29,7,16.11,Rainy
14-08-2025,8:30 AM,Home,College,Bus,18,35,5,19.1,Sunny
14-08-2025,9:15 AM,Home,College,Uber,100,24,6,10.28,Rainy
14-08-2025,10:15 AM,Home,College,Ola,122,28,3,18.93,Clear
14-08-2025,6:45 AM,College,Library,Metro,30,27,3,17.19,Cloudy
14-08-2025,11:30 AM,College,Library,Bus,28,32,11,16.23,Clear
14-08-2025,6:15 AM,College,Library,Uber,133,23,2,17.94,Rainy
14-08-2025,7:45 AM,College,Library,Ola,92,30,3,17.62,Rainy
14-08-2025,10:30 AM,Home,Gym,Metro,33,27,7,6.56,Sunny
14-08-2025,8:30 AM,Home,Gym,Bus,21,43,9,5.25,Rainy
14-08-2025,9:15 AM,Home,Gym,Uber,114,25,4,8.51,Sunny
14-08-2025,8:30 AM,Home,Gym,Ola,95,23,3,8.59,Rainy
14-08-2025,9:30 AM,Office,Mall,Metro,35,33,8,14.83,Clear
14-08-2025,6:00 AM,Office,Mall,Bus,25,35,12,8,Clear
14-08-2025,6:45 AM,Office,Mall,Uber,112,28,2,17.88,Sunny
14-08-2025,6:15 AM,Office,Mall,Ola,142,22,7,14.71,Clear
14-08-2025,6:15 AM,Station,Airport,Metro,20,31,8,8.06,Clear
14-08-2025,9:15 AM,Station,Airport,Bus,14,32,14,9.9,Clear
14-08-2025,10:45 AM,Station,Airport,Uber,122,26,3,18.09,Clear
14-08-2025,6:15 AM,Station,Airport,Ola,129,27,6,17.68,Humid
15-08-2025,8:45 AM,Home,College,Metro,31,33,6,5.45,Rainy
15-08-2025,7:45 AM,Home,College,Bus,25,28,8,15.75,Cloudy
15-08-2025,10:30 AM,Home,College,Uber,148,18,4,19.79,Cloudy
15-08-2025,8:00 AM,Home,College,Ola,103,26,7,5.25,Humid
15-08-2025,9:00 AM,College,Library,Metro,20,24,8,6.1,Humid
15-08-2025,10:00 AM,College,Library,Bus,16,29,6,9.35,Humid
15-08-2025,6:45 AM,College,Library,Uber,117,24,6,8.05,Rainy
15-08-2025,11:15 AM,College,Library,Ola,94,29,5,19.93,Sunny
15-08-2025,7:00 AM,Home,Gym,Metro,36,22,5,19.09,Humid
15-08-2025,9:15 AM,Home,Gym,Bus,13,26,15,15.11,Sunny
15-08-2025,9:15 AM,Home,Gym,Uber,159,26,5,16.33,Sunny
15-08-2025,11:00 AM,Home,Gym,Ola,87,21,3,19.82,Clear
15-08-2025,10:30 AM,Office,Mall,Metro,22,28,6,10.25,Cloudy
15-08-2025,8:30 AM,Office,Mall,Bus,27,34,10,8.91,Sunny
15-08-2025,9:15 AM,Office,Mall,Uber,91,26,2,16.48,Cloudy
15-08-2025,11:45 AM,Office,Mall,Ola,95,23,7,8.7,Clear
15-08-2025,9:45 AM,Station,Airport,Metro,39,26,6,17.29,Humid
15-08-2025,9:00 AM,Station,Airport,Bus,19,32,10,16.18,Humid
15-08-2025,6:00 AM,Station,Airport,Uber,115,30,2,14.67,Cloudy
15-08-2025,6:45 AM,Station,Airport,Ola,105,27,6,8.24,Clear
16-08-2025,8:45 AM,Home,College,Metro,32,20,5,19.64,Clear
16-08-2025,8:30 AM,Home,College,Bus,26,30,5,10.42,Rainy
16-08-2025,6:30 AM,Home,College,Uber,121,22,2,16.93,Rainy
16-08-2025,8:45 AM,Home,College,Ola,123,26,5,5.88,Humid
16-08-2025,10:00 AM,College,Library,Metro,36,28,5,9.11,Rainy
16-08-2025,9:45 AM,College,Library,Bus,26,39,7,19.85,Humid
16-08-2025,11:30 AM,College,Library,Uber,100,28,2,16.45,Cloudy
16-08-2025,11:15 AM,College,Library,Ola,81,27,3,11.91,Clear
16-08-2025,7:30 AM,Home,Gym,Metro,21,24,3,11.28,Humid
16-08-2025,7:15 AM,Home,Gym,Bus,24,37,5,15.28,Rainy
16-08-2025,11:00 AM,Home,Gym,Uber,136,24,4,12.57,Humid
16-08-2025,8:45 AM,Home,Gym,Ola,150,29,5,14.29,Clear
16-08-2025,10:45 AM,Office,Mall,Metro,36,25,5,15.71,Humid
16-08-2025,8:30 AM,Office,Mall,Bus,29,28,14,16.43,Humid
16-08-2025,7:00 AM,Office,Mall,Uber,144,23,6,9.88,Cloudy
16-08-2025,11:00 AM,Office,Mall,Ola,135,24,7,13.33,Rainy
16-08-2025,11:45 AM,Station,Airport,Metro,40,22,4,10.25,Rainy
16-08-2025,7:15 AM,Station,Airport,Bus,11,34,8,9.62,Humid
16-08-2025,11:45 AM,Station,Airport,Uber,117,29,5,15.26,Clear
16-08-2025,10:30 AM,Station,Airport,Ola,141,22,7,14.23,Humid
17-08-2025,10:00 AM,Home,College,Metro,35,25,6,9.69,Sunny
17-08-2025,11:15 AM,Home,College,Bus,22,33,7,18.56,Clear
17-08-2025,10:00 AM,Home,College,Uber,128,18,3,10.21,Sunny
17-08-2025,9:00 AM,Home,College,Ola,87,29,6,6,Clear
17-08-2025,11:00 AM,College,Library,Metro,37,28,6,7.19,Rainy
17-08-2025,11:45 AM,College,Library,Bus,20,38,12,5.94,Humid
17-08-2025,11:00 AM,College,Library,Uber,105,23,6,15.24,Rainy
17-08-2025,9:30 AM,College,Library,Ola,92,25,4,16.6,Sunny
17-08-2025,10:00 AM,Home,Gym,Metro,28,24,4,7.95,Sunny
17-08-2025,11:00 AM,Home,Gym,Bus,11,39,9,6.64,Clear
17-08-2025,7:00 AM,Home,Gym,Uber,107,19,5,7.82,Sunny
17-08-2025,6:45 AM,Home,Gym,Ola,96,24,4,8.19,Humid
17-08-2025,11:15 AM,Office,Mall,Metro,27,28,3,10.62,Humid
17-08-2025,10:45 AM,Office,Mall,Bus,23,38,12,15.49,Humid
17-08-2025,8:45 AM,Office,Mall,Uber,125,22,6,13.65,Clear
17-08-2025,11:45 AM,Office,Mall,Ola,110,21,6,6.95,Cloudy
17-08-2025,6:30 AM,Station,Airport,Metro,40,22,4,7.8,Cloudy
17-08-2025,6:30 AM,Station,Airport,Bus,14,27,9,9.27,Cloudy
17-08-2025,8:30 AM,Station,Airport,Uber,128,21,4,8.78,Cloudy
17-08-2025,10:45 AM,Station,Airport,Ola,120,30,3,14.6,Sunny
18-08-2025,7:15 AM,Home,College,Metro,40,28,7,19.54,Humid
18-08-2025,8:45 AM,Home,College,Bus,17,26,13,10.01,Humid
18-08-2025,7:30 AM,Home,College,Uber,94,20,6,11.52,Humid
18-08-2025,11:45 AM,Home,College,Ola,148,26,6,8.64,Sunny
18-08-2025,6:30 AM,College,Library,Metro,22,25,4,19.06,Humid
18-08-2025,10:45 AM,College,Library,Bus,28,31,8,15.08,Cloudy
18-08-2025,6:00 AM,College,Library,Uber,136,21,4,19.36,Humid
18-08-2025,6:45 AM,College,Library,Ola,106,27,3,12.43,Rainy
18-08-2025,11:15 AM,Home,Gym,Metro,31,34,8,16.58,Sunny
18-08-2025,6:15 AM,Home,Gym,Bus,12,33,15,19.5,Sunny
18-08-2025,9:00 AM,Home,Gym,Uber,152,26,2,7.8,Clear
18-08-2025,6:15 AM,Home,Gym,Ola,93,21,3,8.09,Rainy
18-08-2025,11:00 AM,Office,Mall,Metro,32,33,3,18.9,Humid
18-08-2025,8:15 AM,Office,Mall,Bus,16,44,10,18.65,Rainy
18-08-2025,8:15 AM,Office,Mall,Uber,115,18,2,8.54,Rainy
18-08-2025,7:30 AM,Office,Mall,Ola,120,30,6,7.97,Rainy
18-08-2025,11:45 AM,Station,Airport,Metro,24,30,8,15.34,Clear
18-08-2025,8:00 AM,Station,Airport,Bus,12,40,13,13.51,Cloudy
18-08-2025,6:00 AM,Station,Airport,Uber,157,22,4,7.45,Clear
18-08-2025,10:45 AM,Station,Airport,Ola,117,29,6,14.48,Humid
19-08-2025,9:30 AM,Home,College,Metro,35,26,4,19.65,Cloudy
19-08-2025,6:00 AM,Home,College,Bus,27,32,7,8.99,Rainy
19-08-2025,7:45 AM,Home,College,Uber,159,28,6,17.81,Sunny
19-08-2025,9:30 AM,Home,College,Ola,103,31,4,10.92,Clear
19-08-2025,11:45 AM,College,Library,Metro,21,20,5,10.97,Sunny
19-08-2025,6:30 AM,College,Library,Bus,27,28,8,8.03,Rainy
19-08-2025,10:30 AM,College,Library,Uber,121,25,6,19.69,Humid
19-08-2025,10:45 AM,College,Library,Ola,83,30,5,7.19,Cloudy
19-08-2025,9:15 AM,Home,Gym,Metro,34,20,5,8.55,Cloudy
19-08-2025,11:30 AM,Home,Gym,Bus,26,40,12,7.16,Cloudy
19-08-2025,7:15 AM,Home,Gym,Uber,128,26,4,8.56,Rainy
19-08-2025,9:15 AM,Home,Gym,Ola,112,22,4,13.18,Humid
19-08-2025,11:45 AM,Office,Mall,Metro,20,28,6,9.84,Cloudy
19-08-2025,6:45 AM,Office,Mall,Bus,23,25,6,16,Rainy
19-08-2025,9:45 AM,Office,Mall,Uber,159,27,6,7.87,Humid
19-08-2025,7:00 AM,Office,Mall,Ola,91,23,3,11.69,Cloudy
19-08-2025,11:00 AM,Station,Airport,Metro,33,27,4,9.98,Humid
19-08-2025,11:00 AM,Station,Airport,Bus,10,43,6,13.55,Sunny
19-08-2025,8:30 AM,Station,Airport,Uber,94,20,3,12.05,Clear
19-08-2025,6:00 AM,Station,Airport,Ola,117,24,3,18.69,Cloudy
